{
    "loss": 1.535811424255371,
    "accuracy": 0.8627451062202454
}