{
    "loss": 17.168794631958008,
    "accuracy": 0.5686274766921997
}