{
    "loss": 6.346219062805176,
    "accuracy": 0.5686274766921997
}