{
    "loss": 9.500738143920898,
    "accuracy": 0.4313725531101227
}