{
    "loss": 30.908246994018555,
    "accuracy": 0.5686274766921997
}